pre,Category
mbanking lot transaksi lelet banget lokasi nyala ,0
bca mobile merah y  ,0
bca mobile merah y  ,0
ngisi pulsa bca mobile  pulsa kaga masuk masuk  au dahh nyangkut dmn   ,1
crash mybca not responding ulang kali restart hp ,0
mbanking bca kusut nggk tarik tunai,0
aja daah butuh duit error bca,0
bca mobile suraaaam error lgi ,0
ngisi pulsa bca mobile  pulsa kaga masuk masuk  au dahh nyangkut dmn   ,1
bca mobile lg eror,0
bca bikin susah aja error mulu,0
crash mybca not responding ulang kali restart hp ,0
bca bikin susah aja error mulu,0
kode otp gk masuk masuk via sms   hadehhhh minnn,1
bayar qris hasil aplikasi  riwayat merchant nggak masuk ,0
logout  gak apain verifikasi gak ,0
isi flazz gak nih  i try kali kali tetepp gak ,1
kirim ganti kartu cc bca udah bulan  gmna min ,2
aplikasi bca superrr lemotttt  pas jam makan siang ,0
butuh perban yg sat set sat set  gak butuh aplikasi berat  susah nyambung server  ,0
scan qris lamaaa nya karuan ,0
isi flazz gak nih  i try kali kali tetepp gak ,1
program buku rekening online bca blm dukung sistem yg pada ya  ,1
mbca knp error min,0
tarik tunai duit jelek banget atm bca  daerah indomaret pademangan jakpus ,1
update notif masuk uang  gimana   ,0
top up flazz lot bgt ,1
bantu orang tua bikin rekening susah,1
top up flazz lot bgt ,0
mbanking lemottt transaksi lelet banget ,0
umkm gua pakai qris bca duit nggak masuk tekor banget ,1
cek saldo transfer aja susah dah  gara koneksi lambat ,0
aplikasi bca superrr lemotttt  pas jam makan siang ,0
duit guw qris ilang,1
program buku rekening online bca blm dukung sistem yg pada ya  ,1
bca umkm  iur tabung aja mahal bgt ,1
blu bca eror mulu dah  sinyal wifi kenceng internet jg kenceng  load ,0
kirim ganti kartu cc bca dah ampe bulan  gmna tracking nya ,2
top up flazz lot bgt ,0
bca umkm  iur tabung aja mahal bgt ,1
mbanking lemottt transaksi lelet banget ,0
bca bisnis yg transaksi cepet  yg lelet ,1
kirim ganti kartu cc bca dah ampe bulan  gmna tracking nya ,2
logout  gak apain verifikasi gak ,0
bca mobile lg eror,0
mbanking bca kusut nggk tarik tunai,0
gmn dah  verifikasi wajah ajah nggak  pdhl udh ngikutin arah  rungkad rungkad  ,0
isi flazz gak nih  i try kali kali tetepp gak ,1
bca mobile lg eror,0
mbanking bca kusut nggk tarik tunai,0
gmn dah  verifikasi wajah ajah nggak  pdhl udh ngikutin arah  rungkad rungkad  ,0
kirim ganti kartu cc bca dah ampe bulan  gmna tracking nya ,2
bca mobile lg eror,0
udh coba kali kalo kgk muncul dah kode otp nya,1
haduuuh bayar qris mbca gk ,0
scan qris lamaaa nya karuan ,0
bca mobile suraaaam error lgi ,0
duit guw qris ilang,1
clear cache  data  restart hp  tetep force close,0
blu bca eror mulu dah  sinyal wifi kenceng internet jg kenceng  load ,0
uang qris merchant nggk masuk  qris bca  gmna tuh min  ,1
tarik tunai duit jelek banget atm bca  daerah indomaret pademangan jakpus ,1
update notif masuk uang  gimana   ,0
pulsa habis untk daftar ,1
bca bisnis yg transaksi cepet  yg lelet ,1
nomor gw udh bener bgt  sinyal gw normal,0
mbanking lot transaksi lelet banget lokasi nyala ,0
pake mybca kadang suka deg an gtu  krna bgt eror ,0
bca mobile suraaaam error lgi ,0
pulsa habis untk daftar ,1
pakai bca banget trouble klw mao cek saldo transfer ,0
aplikasi force close  sudh coba uninstall install ulang,0
pake mybca kadang suka deg an gtu  krna bgt eror ,0
mbanking lemottt transaksi lelet banget ,0
mobile bca eror smlm buka gak ,0
nomor gw udh bener bgt  sinyal gw normal,0
udh coba kali kalo kgk muncul dah kode otp nya,1
pulsa habis untk daftar ,1
kgk muncul kode otp nya  kocak bgt anjirr,1
nomor gw udh bener bgt  sinyal gw normal,0
kgk muncul kode otp nya  kocak bgt anjirr,1
mobile bca eror smlm buka gak ,0
haduuuh bayar qris mbca gk ,0
nomor gw udh bener bgt  sinyal gw normal,0
clear cache  data  restart hp  tetep force close,0
udh coba kali kalo kgk muncul dah kode otp nya,1
gmn dah  verifikasi wajah ajah nggak  pdhl udh ngikutin arah  rungkad rungkad  ,0
bantu orang tua bikin rekening susah,1
mbca bgt gagal login sih  gembel bgt apk lu min ,0
aplikasi kocak  kode otp kasih kali kali salah mulu ujung ujung nya blokir    sempak banget ,0
fixing versi web nya  export mutasi logout mulu   trs hrs nunggu menit  kali kali waiting time bgt ,0
fixing versi web nya  export mutasi logout mulu   trs hrs nunggu menit  kali kali waiting time bgt ,0
fixing versi web nya  export mutasi logout mulu   trs hrs nunggu menit  kali kali waiting time bgt ,0
fixing versi web nya  export mutasi logout mulu   trs hrs nunggu menit  kali kali waiting time bgt ,0
fixing versi web nya  export mutasi logout mulu   trs hrs nunggu menit  kali kali waiting time bgt ,0
kali bayar tagih pke bca  eror gitu   demen bgt eror sih tae ,0
kali bayar tagih pke bca  eror gitu   demen bgt eror sih tae ,0
aplikasi kocak  kode otp kasih kali kali salah mulu ujung ujung nya blokir    sempak banget ,1
mbca bgt gagal login sih  gembel bgt apk lu min ,0
mbca bgt gagal login sih  gembel bgt apk lu min ,0
kelas bca aplikasi lemottttttttt bangetttt ngetttt  serius biarin aja gtu lemottt    ,0
kali bayar tagih pke bca  eror gitu   demen bgt eror sih tae ,0
bca blokir gara gara sempet loat konek merah ,0
bca blokir gara gara sempet loat konek merah ,0
baik  gimana sih bca  dibutuhin tau,3
kelas bca aplikasi lemottttttttt bangetttt ngetttt  serius biarin aja gtu lemottt    ,0
kelas bca aplikasi lemottttttttt bangetttt ngetttt  serius biarin aja gtu lemottt    ,0
fixing versi web nya  export mutasi logout mulu   trs hrs nunggu menit  kali kali waiting time bgt ,0
bca blokir gara gara sempet loat konek merah ,0
bca skrg klau buka aplikasi nyalahin lokasi gitu  bikin ribet aja boros batre hp ,0
aplikasi lemotttt  otp bayar   payahhh,0
bayar qris struk gk sampe sedot x ,1
sulit bgt dah verifikasi wajah  ilangin aja lahh  ribet bgt ,0
bca jelek  bagus ,3
wahhh gilaaa gilaaaa    gak salah tuh debit card biru potong adminya rb   ,1
aplikasi bca cuman nya ngabisin pulsa aja,1
astaga lemott bgt  tarik tunai cardless lemottnya ,0
bca gk proses dgn cepat  nasabah palakin doang biaya bulan ,1
admin bulan gede sih bca ,1
update gagal verifikasi  kalo utk update jgn update ,0
umkm nggak maju bca banyak embel potong ,1
bayar pake qris bca bikin malu  udah scan hasil ngga masuk merchant ,1
bayar pake qris bca bikin malu  udah scan hasil ngga masuk merchant ,1
admin bulan gede sih bca ,1
crash  not responding ulang kali restart    ribet,0
emng update ios yg spek  modalin lahh biat beli hp   ,0
jelek bgt apk nya bca  aja blokir pdhl lgi ngga apain    ,0
bayar pake qris bca bikin malu  udah scan hasil ngga masuk merchant ,1
semlm sudh baik skrng bgtu sih   sempurna baik nya  ,0
bayar qris struk gk sampe sedot x ,1
crash  not responding ulang kali restart    ribet,0
bca jelek  bagus ,3
narik uang rb aja bikin susah kang parkir ,3
astaga lemott bgt  tarik tunai cardless lemottnya ,0
bayar pake qris bca bikin malu  udah scan hasil ngga masuk merchant ,1
wahhh gilaaa gilaaaa    gak salah tuh debit card biru potong adminya rb   ,1
crash  not responding ulang kali restart    ribet,0
wahhh gilaaa gilaaaa    gak salah tuh debit card biru potong adminya rb   ,1
semlm sudh baik skrng bgtu sih   sempurna baik nya  ,0
wahhh gilaaa gilaaaa    gak salah tuh debit card biru potong adminya rb   ,1
atm bca dmna-mana tukang parkir liar  rugi bgt ,3
bayar pake qris bca bikin malu  udah scan hasil ngga masuk merchant ,1
narik uang rb aja bikin susah kang parkir ,3
bayar qris struk gk sampe sedot x ,1
atur bca aneh aneh banget pakai hidup lokasi muak banget dgn bca ,0
bca skrg klw buka aplikasi nyalahin lokasi gitu  bikin ribet aja  ,0
narik uang rb aja bikin susah kang parkir ,3
bayar qris struk gk sampe sedot x ,1
atur bca aneh aneh banget pakai hidup lokasi muak banget dgn bca ,0
bca skrg klw buka aplikasi nyalahin lokasi gitu  bikin ribet aja  ,0
bca gk proses dgn cepat  nasabah palakin doang biaya bulan ,1
min mbca lampu indikator nya biru error kah  kemarin transaksi gak ,0
min bca lgi kendala uang sayang masuk nih rekening,1
kode otp  pulsa banget,1
lemottt ya    loading mulu akses apa,0
verifikator wajah ngga bantu  gagal mulu log in pdhl udh ngga burem ujung nya kantor cabang,0
ngisi pulsa bca mobile  pulsa kaga masuk masuk  au dahh nyangkut dmn   ,1
update notif masuk uang  gimana   ,0
kirim ganti kartu cc bca dah ampe bulan  gmna tracking nya ,2
kirim ganti kartu cc bca dah ampe bulan  gmna tracking nya ,2
mbanking lemottt transaksi lelet banget ,0
isi flazz gak nih  i try kali kali tetepp gak ,1
update notif masuk uang  gimana   ,0
blu bca eror mulu dah  sinyal wifi kenceng internet jg kenceng  load ,0
logout  gak apain verifikasi gak ,0
update notif masuk uang  gimana   ,0
mbanking lemottt transaksi lelet banget ,0
kali bayar tagih pke bca  eror gitu   demen bgt eror sih tae ,0
blu bca eror mulu dah  sinyal wifi kenceng internet jg kenceng  load ,0
isi flazz gak nih  i try kali kali tetepp gak ,1
ngisi pulsa bca mobile  pulsa kaga masuk masuk  au dahh nyangkut dmn   ,1
blu bca eror mulu dah  sinyal wifi kenceng internet jg kenceng  load ,0
kirim ganti kartu cc bca dah ampe bulan  gmna tracking nya ,2
min baca dm ku saldo ku ilang pas transaksi qris,1
mbca bgt gagal login sih  gembel bgt apk lu min ,0
bayar pake qris bca bikin malu  udah scan hasil ngga masuk merchant ,1
sulit bgt dah verifikasi wajah  ilangin aja lahh  ribet bgt ,0
gmn dah  verifikasi wajah ajah nggak  pdhl udh ngikutin arah  rungkad rungkad  ,0
bca skrg klw buka aplikasi nyalahin lokasi gitu  bikin ribet aja  ,0
atur bca aneh aneh banget pakai hidup lokasi ,0
update gagal verifikasi  kalo utk update jgn update ,0
bayar pake qris bca bikin malu  udah scan hasil ngga masuk merchant ,1
bayar qris struk gk sampe sedot x ,1
gmn dah  verifikasi wajah ajah nggak  pdhl udh ngikutin arah  rungkad rungkad  ,0
bca skrg klw buka aplikasi nyalahin lokasi gitu  bikin ribet aja  ,0
bca jelek  bagus ,3
bayar qris struk gk sampe sedot x ,1
sulit bgt dah verifikasi wajah  ilangin aja lahh  ribet bgt ,0
wahhh gilaaa gilaaaa    gak salah tuh debit card biru potong adminya rb   ,1
wahhh gilaaa gilaaaa    gak salah tuh debit card biru potong adminya rb   ,1
bca jelek  bagus ,3
sulit bgt dah verifikasi wajah  ilangin aja lahh  ribet bgt ,0
gmn dah  verifikasi wajah ajah nggak  pdhl udh ngikutin arah  rungkad rungkad  ,0
pakai bca banget trouble klw mao cek saldo transfer ,1
hallo min  kartu kredit expired udah kirim yg  lelet ya proses ,2
hai min  ganti atm yg hilang repot banget gara gara sidik jari baca ,1
kirim ganti kartu cc bca udah bulan  gmna min ,2
kirim ganti kartu cc bca udah bulan  gmna min ,2
greget bgt dah kalo ngobrol sma cs bca,1
sumpah yaa aplikasi lot nya parahh  device ip kadang butuh menit buka,0
uang qris merchant nggk masuk  qris bca  gmna tuh min  ,1
scan qris lamaaa nya karuan ,0
kartu kredit visa batman kena iur tahun rb mahal banget sih min ,1
emng update ios yg spek  modalin lahh biat beli hp   ,0
ui nya oke  tapi heran nya eror mulu  kocak,0
bayar qris bca gagal mulu ya min ,0
eeaalahhh perkara tanda tangan aja kga buka rekening ,1
maintenance fitur   pdhl butuh cepat,0
umkm jebol bca biaya adminnya mahal bulan ,1
inovasi kartu kredit bca aplikasi mbca biar qris  bank udh ,2
umkm gua pakai qris bca duit nggak masuk tekor banget ,1
bca umkm  iur tabung aja mahal bgt ,1
aplikasi bca superrr lemotttt  pas jam makan siang ,0
top up flazz lot bgt ,0
bank bca kaya keluarga,3
tolong donk kasih akses guna ios bawah    ,0
gua sih udh gk bca  semenjak tau bca laba besar nikmatin,1
bayar qris hasil aplikasi  riwayat merchant nggak masuk ,1
bayar qris hasil aplikasi  riwayat merchant nggak masuk ,1
nggak sih min kau aplikasi aja ,0
bayar qris hasil aplikasi  riwayat merchant nggak masuk ,1
qris merchant bca hilang saldo tdk masuk rekening  kacau bca ,1
busettttt superrr lemottttt lahhh aplikasi bca,0
ngapain nyimpen bca  laba gede hartono cs ,3
tarik tunai duit jelek banget atm bca  daerah indomaret pademangan jakpus ,1
lagi gua bayar qris bca nggk masuk jual ,1
pusing gua bca banyak aplikasi  ,0
ngapain pake bca  hartono kaya,3
crash mybca not responding ulang kali restart hp ,0
bca bank rumit banyak apk ,0
bca rumit,3
invest bos yg kaya hatono cs ,3
hp gua lot laah banyak aplikasi males gua pakai bca ,0
crash mybca not responding ulang kali restart hp ,0
hartono ooh hartono kau kaya raya iur tabung ,3
haduuh invest bca  yg kaya yaa hartono ,3
bca rumit,3
invest bos yg kaya hatono cs ,3
ngapain pake bca  hartono kaya,3
inovasi kartu kredit bca aplikasi mbca biar qris  bank udh ,2
gua kena biaya k coi admin bulan rb ,1
gilaaa bln qris kga kelar cuman lapor aja  pasa kaga kerja nih roman roman nya,1
hartono kaya ,3
hartono kaya ,3
kelas bca aplikasi lemottttttttt bangetttt ngetttt  serius biarin aja gtu lemottt    ,0
fixing versi web nya  export mutasi logout mulu   trs hrs nunggu menit  kali kali waiting time bgt ,0
fixing versi web nya  export mutasi logout mulu   trs hrs nunggu menit  kali kali waiting time bgt ,0
mbca bgt gagal login sih  gembel bgt apk lu min ,0
waaw invest bca   ,3
log out  bener bener aplikasi bca ga jelasssss,0
call center hallo bca gk tau adab  gua tlp antri  eeh matiin,1
gilaaaaa bayar qris aja gak  gimana min   ,1
haaallo mimin bca  proses doong lapor gua ,1
dgn ios ver    iphone s  iphone  knp update baru syarat minimal ios ver      diskriminasi nih bca  kecewa   ,0
top up flazz lot nya ampun dah  jaring baik donk,1
bca gk proses dgn cepat  nasabah palakin doang biaya bulan ,1
lelet anat gak sat set nih  gak proses cepat      bisa palakin nasabah doank biaya bulan,1
gilaaaaa bayar qris aja gak  gimana min   ,1
top up flazz lot nya ampun dah  jaring baik donk,1
lelet anat gak sat set nih  gak proses cepat      bisa palakin nasabah doank biaya bulan,1
top up flazz lot nya ampun dah  jaring baik donk,1
tolong min customercare nya pda ajarin sopan santun ,1
parah banget callcenter bca bikin lapor matiin ,1
menu  about  mbanking  kocak   bilang hapus about  about nya   ,0
sampe min keluarin aplikasi nyusahin nasabah mulu ,0
heran baaaanget layan hallo bca layan konsumen nggk nyambung ajak ngomong ,1
gencar nawarin invest  benahin tuuh layan kau call centernya bobrok ,1
lelet anat gak sat set nih  gak proses cepat      bisa palakin nasabah doank biaya bulan,1
menu  about  mbanking  kocak   bilang hapus about  about nya   ,0
bikin bca force closed mulu dah  aneh bener  ,0
update gagal verifikasi  kalo utk update jgn update ,0
bikin bca force closed mulu dah  aneh bener  ,0
menu  about  mbanking  kocak   bilang hapus about  about nya   ,0
heran baaaanget layan hallo bca layan konsumen nggk nyambung ajak ngomong ,1
log out  bener bener aplikasi bca ga jelasssss,0
bca skrg klau buka aplikasi nyalahin lokasi gitu  bikin ribet aja boros batre hp ,0
dgn ios ver    iphone s  iphone  knp update baru syarat minimal ios ver      diskriminasi nih bca  kecewa   ,0
update gagal verifikasi  kalo utk update jgn update ,0
atur bca aneh aneh banget pakai hidup lokasi muak banget dgn bca ,0
bank bca nggak sahabat rakyat jelata,3
tolong benah layan bca cabang  tukang parkir liar ,3
udah males pake bca  admin bulan atm nggk  bulan x potong,1
bca pelit banget nasabah loyal nggk ngasih gift ,1
bayar pake qris bca bikin malu  udah scan hasil ngga masuk merchant ,1
aplikasi dikit dikit mesti update  ribettttt bangetttt,0
wahhh gilaaa gilaa  gak salah tuh debit card biru potong adminya rb bulan mahal njiir ,1
iur bulan yeee hartono duit yaa ,1
dgn ios ver    iphone s  iphone  knp update baru syarat minimal ios ver      diskriminasi nih bca  kecewa   ,0
hartono ooh hartono gk sahabat rakyat jelata,3
astaga lemott bgt  tarik tunai cardless lemottnya ,0
heran baaaanget layan hallo bca layan konsumen nggk nyambung ajak ngomong ,1
update gagal verifikasi  kalo utk update jgn update ,0
bikin bca force closed mulu dah  aneh bener  ,0
menu  about  mbanking  kocak   bilang hapus about  about nya   ,0
heran baaaanget layan hallo bca layan konsumen nggk nyambung ajak ngomong ,1
log out  bener bener aplikasi bca ga jelasssss,0
waaawww aplikasi min ruwet hidup mu ,0
bca skrg klau buka aplikasi nyalahin lokasi gitu  bikin ribet aja boros batre hp ,0
dgn ios ver    iphone s  iphone  knp update baru syarat minimal ios ver      diskriminasi nih bca  kecewa   ,0
update gagal verifikasi  kalo utk update jgn update ,0
umkm nggak maju bca banyak embel potong ,1
haduhhh tf an masuk potong rb  kacau bca,1
registrasi gagal mulu  udah motong pulsa krna ulang registrasi,0
aplikasi  sibuk trus smpe jam   suruh nunggu bbrp  ilahh gak beres,0
bantu  sya telp x suara trs jaring bagus,1
aplikasi gak halobca nya  pdhl jaring stabil  tpi pura gak denger,0
aplikasi halobca butut bgt dah ,0
sih kalo nelpon kaga kedengeran sono    pdhl izin mikropon aktif    ,1
payah bantu  bank guna halobca   ,1
lelet banget pdhl jaring bagus  modal dikit apk  minimal pake server yg bagus gitu,0
teliti  ampe nama sesuai ktp,1
daftar mbanking masukin sms kosong sih gak tulis verifikasi gtu,0
lemott masuk app utk bayar qris susah woiii,0
kelas bca eror yaa  sampe uninstall mybca mbanking bca nya,0
halahhhh ngisi pulsa k udh potong saldo gk masuk masuk pulsa nya,1
kemarin tf brimo tp transaksi gagal mulu  yaa    ,1
aplikasi ngelag  bayar wifi yg gak bikin lemott payment dll   hadehhhh,0
alahhh server gampang down  pas lgi urgent ga bantu,0
kelas bca aplikasi mobile dah  update eror mulu   heran bgt gw,0
eror mulu nih,0
super lemott  super ngelag gaa bgt deh,0
kesini parah  indikator merah pdhl udh restart udh clean cookies  udh idupin matiin mode pesawat  bener bener rungkaddd,0
baik sistem mulu sih bca  riweh atuh ihh,0
baru transaksi transfer  knp yaa   ,1
min bca ganggu yaa,3
ganggu kek nya  ga ya  butuh,3
eror gak login akun mybca mobile utk tlp halo bca gak,0
eror kah bca min ,0
bca ko ganggu trs yaa,3
udah kga aktifin mbanking nomor yg suruh registrasi atm   aduhhhh ribetnyaaaa,1
udah verifikasi aplikasi hallo bca tetep gak masuk,0
stresss bgt saldo suka ilang  ngaco bca,1
sinyal aman lancar  login aja lemott banget  buka mbanking laen ko lancar  tolong baik aplikasi mybca,0
eror  ampe scan qr ajah gak,0
eror  udh gitu lemottt nya ampun   update bagus parah,0
ganti hp  udh isi ktp kenal wajah ehh gagal trs  udh pake data  wifi  foto terang ngga woiii,0
bca mobile skrng ribet  hapus inbox ajah susah pulsa coba,1
aplikasi update  kalo gak update gak pakai,0
masuk mybca verifikasi email   bgtu verifikasi jwbn nya aktif masuk akun   aplikasi nya konyol,0
nerima sms konfirmasi yaa masuk no kartu   ,1
gagal bayar atw transfer  proses refund nya lamaaa betulll,1
maintenance fitur bca utk dpt  pdhl butuh dlm cepat,0
hadehhh bca aja kalo potong admin dll gk mutasi,1
sudag masuk angka nomor kartu kirim sms tdk  entah knp bca   ,1
semenjak update suka  loading nya,0
min malam transaksi pake qris gagal saldo tetep potong gimana nihh   ,1
yaailahh ngga sengaja pencet logout langsung  pass coba login ngga trs,0
lemottt amattt dahhh  gak masuk  kode verifikasi gak nongol,1
masuk susah nggak otp yg muncul  coba kelas bca,1
kode otp gk masuk padhl nomor pulsa  sdh smpe nunggu jeda menit otp tdk masuk,1
tolong donk utk bca  knp susah bgt verifikasi gtu   pdhl sblmnya lancar aja dah  dah ulang ulang kali loh ttp gagal verifikasi    hadehhh repot bgt sih,1
aplikasi halo bca buruk  bantu tdk solusi,0
isi pulsa pakai m bca saldo kurang pulsa masuk udah lapor halo bca kali gak tindak nya d anggap receh,1
loading gambar splash screen bikin kadang crash   promosi splash screen sih  ,0
min ngeuh  pake bca tabung yg gk akses mbankingnya  transfer masuk saldo potong ya,1
bug  tolong baik  login  login kedapetan bug gitu,0
google pixel a g zte a bca mobile  stuck pesan,0
bug nya  tolong baik   login,0
ribet kalo pake bca kudu hp nya bagus dlu woiii,3
internet lgi stabil verifikasi kode akses mbanking bilang koneksi internet stabil     ,0
beli pulsa mbanking bca  saldo potong tpi pulsa engga masuk,1
kalo isi token plissss dotur history atw save no idpel nya   ngisi ulang trs gaa inget  repot bgt,1
tolong hilang tukang parkir kacab bca  menganggu,3
masukin bca id password  bgt muncul otp nya,1
knp dah  solusi gmn min   ,3
dri kmrn udh daftar id bca kali kali tp gagal mulu sms verifikasi,1
eror  trus pas verifikasi ulang pesan yg kirim nya tdk muncul jga,1
internet stabil verifikasi kode akses mbanking  bilang koneksi stabil,0
mybca poket valas lemotttt  ditlp cs fine fine aja  pdhl suka eror transaksi gagal,0
hadehhh aktifasi aja ga pulsa rb  kaya nya dah,1
pake prinsip hati hati  tpi sistem nya bobrok,0
masuk   verifikasi kali aja gagal,0
ngisi flazz nggak  lgi eror   ,1
tari reksadana bursa hri tpi bursa blm yg masuk  ,1
tolong hrd bca kalo rekrut cs  seleksi cs nya yg kompeten gtu ,3
buka rekening kalo fitur video record selfie  tanpa video call  karna kondisi jaring yg stabil,1
kak kemarin yg tf bca bri  bukti tf nya hasil tpi uang nya masuk bank tuju,1
qris bca tolong notifikasi nya baik,0
sulit bgt yak verifikasi wajah hadehhh    udh bulan gk,1
pdhl data dgn rekening tabung kartu kredit  cabang  nyusahin org aja,1
bca sdh bisnis tarik pulsa sampe habis  verifikasi gak ampe pulsa sedot abis,1
terang tdk valid pdhl bnr kode  knp blokir,1
daftar blokir sih   kode otp udh masukkin gagal,1
transfer dri mandiri bca saldo kurang  pas cek aplikasi mybca saldo blm masuk  gmn min    ,1
guna bca  sayang kali lahh  kalo masukkin password yg salah  ehh langsung blokir  repot,1
aduhh sayang bgt udah transaksi dri dana masuk,1
bagain verifikasi wajah salah trs  udh ulang ulang kali nggak,1
minimal kirim otp opsi sms lahh,1
mohon depan nya utk tarik tunai transfer biar lancar transaksi  krna pelosok desa butuh utk tarik tunai,1
balikin lahh menu edit inbox nya,0
sumpah yaa aplikasi lot nya ampun ampun     device ip kadang butuh menit buka,0
pas login aplikasi notif nya sllu merah ya   salah    ,0
sumpah min ribet bgt gak menu edit hapus bekas transfer,0
tolong donk kasih akses guna ios bawah    ,0
kode otp nya gk kirim kirim  pdhl nomor loh,1
halo kak  beli token listrik mybca jam  pagi tgl sept  transaksi gagal  saldo  mutasi potong  kak  notif email gagal jga keluar mybca ,1
nasabah bca kecewa  krn gak pake mbanking ios ,0
bang bca mobile ga buka,0
tolong lahh minta otp nya cepat  nunggu hari    gimana sihhh,1
bolak otp nomer hp identitas    sayang tdk masuk dlm aplikasi,0
susah banget min verifikasi wajah  pdhl cahaya nya udh terang tpi susah min    ,1
kak ya mindahin akun bca mobile hp yg pas kode otp  kode nya gak muncul ,1
kak potong admin biaya bulan bca brpa sih  aq yg xpresi  udh kena potong tba udh smpai rban,1
update ngebug trus lola aplikasi   ngeselin,0
kode otp pulsa dri kode otp muncul,1
update ribet coyyy  pdhl transfer doang tpi masukin kode kode verifikasi,0
dah nyuruh email tpi aktivasi gk masuk email  email dah bener ulang ttp gk,1
aju naik limit reject,2
kelas bca asia bikin aplikasi busuk    bikin cape,0
tolong baik ui nya  bagus lot parah,0
aplikasi busuk   dikit blokir pakai urgent ngga  konfirmasi tlp mybca nguras pulsa,0
daftar x gagal  pdhl sms masuk,1
kirain aplikasi udh canggih  cabang ,0
pdhl beli reksadana cabang  dah hapus,3
sampe nnya hallo bca gk solusi,1
habis update gak login ya  aktivasi trs,0
sumpah aplikasi bca lemotttt bangettt,0
lemotttttttttttt    wifi dah bagus  jaring bagus,0
sumpah yak cs nya bca budeg kaya nya dah,1
sumpah kecewa nelpon smpe x ampe teriak teriak gak kedengeran sih   ,1
asa hina bgt nelpon x  dgn alas gak kedengeran ,1
payah lahhh aplikasi bc nih  udh daftar pas masuk ulang salah id  password nya,0
ampe saldo potong x  ngeselin bgt dah  benerin sih aplikasi,0
bca aplikasi  ampe bingung gtu,0
kalo gak ios  gak pake aplikasi ya,0
bgt pake aplikasi yg udh ios     gimana org yg pake ios   ,0
telp halo bca puter puter koneksi putus hadehhhh,1
gak bank yg fiturnya integrasi apps,0
support hp yg ios,0
knp tdk login mobile banking ya     muncul notif transaksi blm laku  tunggu  udh bulan coba ttp gak,0
 mutasi please sms no hp yg daftar  smua nasabah yg milik mbca  org tua  moga manfaat,1
gimana ngecek uang yg tiba hilang ratus tibu mutasi rekening     ,1
cerita sore  krn pake mbca  teman titip uang dr bank bni blim masuk sampe jam  pas liat bukti tranfer gak sm ,1
kak  bca mobile knpa ya g d akses  udh d update sinyal bagus ,0
kak kendala cek mutasi rekening  lihat transaksi masuk keluar klik tanggal tmpilan periode,1
kk mbaking ku gamau semenjak ganti hp ya krm sms gamau kirim,1
maaf ni dapet trsferan negri uang masuk rekening trsferan palsu,1
mutasi nya gak ya minggu ajah,1
kalo saldo hilang ya ,1
laman temu,0
min bngt ya proses aju kredit motor nya,2
min  flazz abis si ,1
sy sdh bawa atm buku rekening sm ktp ttp dblng hbs,1
pdhl cm nuker ribu iket sm ribu iket ga,1
pas hri lebaran sy dtng lg security blng uang sdh hbs pdhl sy dtng jm pgi,1
uaang gue bca ilang woyy kemarin ilang rb jg udh ilang alhasil uang tk ambil ga pake bca,1
kak saldo ilang ya  ga transaksi apa,1
sdh tf my bca tp saldony nol,1
hallo bca mohon respon saldo kurang k transaksi mutasi rekening  saldo potong,1
ko fitur cardles my bca gada ya ,0
kecewa sm bca  bolak nuker uang gk prnh dpt,1
kalo kartu xpressi ga bs ya k ,3
kak ya my bca ku gx loding,0
kartu debit bca udh ta ganti contactless  coba pake transaksi contactless indo  tp mrt singapore ga  knp ya ,1
ga mrt singapore ya  yg bilang udha gak mrt,1
kartu flazz bca gen beli si  kmren udah muter  bank bca merchant kosong,1
maintenance kah  gabisa bikin rekening,0
download bca gak daftarin udah atm nya,0
min ko my bca suara notif hp nya kaya ga yah,0
udah daftar bca tf seabank rb ko nggak masuk ya  pdhal udah ,1
min pke my bca kartu platinum klo uang masuk gada notif yah klo uang notif,1
bca mobile ku gabisa login ganti hp ya gagal mulu,0
mybca ko saldo ga masuk masuk ya kirim saldo nya sedot  eror kah ,1
hai kakak admin  dung mesin atm bca setor tunai ulang kali  kendala macet uang masuk saldo,1
mbangking pindah hp kg ya ,0
ga masuk ny priksa e-ktp udh sesuai min,1
min gak tap tap mrt singapore,1
akun judi online tutup eh pinjam online buka lebar,3
bca ga point nya kah kayak yg ,1
dh bikin id password dh aktivasi msh masuk y,0
daftar gagal yaa min mybca id sedia truss ,0
udah pake bca puluh rek utama uang masuk puluh juta  bi cheking aman tatep aja payleter cc sulit approve,2
knapa ga masuk daftar my bca,0
paylater gw ga aktif min penkinian data zuu,3
min  nanya skrg bca digital kl setor tunaik  narik haruss bayar ya  ko giti siiiiii,1
min bca blue debt tu bulan nya brp si  ko sy jga setor udh potong gocap aja ya  pdhal tahap udh d potong,1
log in gk,0
gua gak buka hubung cs sue,0
ku gabisa masuk ya min  ngaruh ya nomernya pake mbca,0
buka blokir id bca udh  gliran masuk akun mybca g bsa,0
min daftar my bca udh upload ktp pas foto muka gagal trus gmn min,1
daftar my bca bank nya aplikasi  ko daftar aplikasi ga ,1
kak  aki gak login m banking ku yah  gagal verif,0
kalo paylater ga knp ya ,3
daftar mybca ko ga dikriim  email verifikasi nya si min ,1
halo min  guna mercant bca  uang masuk rekening sesuai nominal transaksi ya  gimana ya ,1
masuk bca susah kode sms gagal min ,1
min aktivasi m bangking tp terima sms ya atau ganggu,1
min gabisa daftar ya pulsa kurang nih sdh sampe rb pulsa ilang,1
gk daftar sih admin ,1
ilang saldo rb gada terang mutasi rekening ,1
knp ya habis ngisi id  paswort klik tuju ga buka my bca nya balah lg ,0
nasabah udh thn pke bca trs gak prnh gnti eh pas ngajuin paylater tolak,3
buka rekening pake ktp digital  depan buka rekening pake ktp fisik,1
hai knpa paylaterku dri kemarin proses mulu blm putus acc nya jgn bikin galau ya mantan,1
uang hilang  gda mutasi nya  solusi gmna ya  lohh sdikit,1
udh kali dipottong rb melulu tpi gaada mutaasi rekeningsyedih bet,1
min saldo mbangking kaya kurang terus ya  kurang rb  gaada mutasi rekening,1
koq sy ga dpt dp    dp sm dgn tdk promo,3
min uang sy ketel atm bca blom ,1
min mobile bcaku gabisa topup flazz ya  knp ,0
min knpa klo nlp halo bca bayar sih  kenpa ga free gtu,1
min uang atm uang yg cetak ya ,1
cirebon khusus nya kec beber blm atm bca jdi klo tarik tunai indomaret terus di batas lg gx huhuhuhu,1
lot bgt aplikasi,0
tp tari max ,1
ga tarik   sy aja  ga ,1
udh prnh make cardless pas setor tunai  slh mskn kode  tau duit msk tp gda rek  ps gt uang ny muntal rb  ga  jt muntah pas ak tinggal,1
min  gabisa login mbanking  kartu daftar pulsa posisi sim  kejadianya pas habis reset hp,0
min kl usul tolong wilayah kec garawangi kuningan jawa barat mesin atmnya trutma diindomart biar gk jauk hrs kota lwtin brp ds,1
banyak atm bca spbu  kalo minimarket dikit bayar parkir tarik tunai dikit ,1
fakfak gak bca min ,1
min ken nanya tari abis setor uang  struk jya tuh gak muncul aman gak ya ,1
kak  knpa saldo ku kurang bnyk bgt pdhl gaada transaksi apa ,1
pingin banget magang bank bca lokasi tes gak medan gimana ya,1
top up dana bca jam pagi  jt sampe masuk dana  pdhl status hasil,1
min  verifikasi wajah bca mobile gagal ya ,0
gimana nya refund uang top up dana yg gak masuk saldo potong mbanking ya kak ,1
td pagi cabang galuh karawang buka rek tabung gila servernya eror blm jelas,0
bca ya adminnya skrg rb  rb,1
kak knp ya login mbca gagal verifikasi wajah nya,0
sy pake m banking  tinggal masukin kode otpnya ga kirim,1
bca ga mukomuko,1
bikin rek online susah banget masuk ny ,1
maaf tnya klau kt dowld m bca koo gk bs nyangkut ya layar hp kt sblm nya aplksi lyar hp krn hpus ma ank dn sya cb dowld aplksi gk bs nempel layar hp,0
sy pake m banking  tinggal masukin kode otpnya ga kirim,1
nawarin kartu kredit  sdh acc tpi kartu kga muncul  krim  gmna neh bank bca,2
ya buka rekening online gagal,1
maaf mbanking ya ,0
sy pake m banking  tinggal masukin kode otpnya ga kirim,1
bca sy kali hilang uang rek  hilang malam tari diatm  ya ,3
minn gim saldo ilangh gitu aja kalo debet rek bkin udah k aj ilang,1
ya  kartu bca ga gunain gabisa ambil uang  klo buka mbanking transfer  mbaking jga,1
m banking online sulit,1
min gw daftar m-bca hp kagak,0
min skarang m bca verifikasi data udah bner knpa gak ya ,1
sy ngga daftar m-banking bca  kirim sms slalu gagal,1
min daftar mbca gk bisa,0
buka rek bca ribet gak saratny mohon pencerahanya,1
ya  saldo potong rb cek mutasi gak terang ,1
kemarin yg mampir tmn gw cs bank pin bcanya  trus costumer nya bilang ga ngasihh  pas pergi cs nya blg kyk mlg aja,1
ambil tunai atm bca  uang ga tp saldo potong  lapor kali msh blm beres  ckckck,1
pemgurusan qris bca banget ya proses kak  udah minggu,1
bca mobile masuk,0
sy kalteng blm cabang bca sedih kl mbanking suruh cabang dekat  sy hrs kalsel cm mbanking ,1
admin kasih tau m banking bca gimana klo uang masuk rekening  langsung masuk pesan  gitu  biar ga capek buka nbanking,0
bikin mbangking verifikasi wajah selalalu gagal,1
bikin mbangking verifikasi wajah selalalu gagal,1
nabung bca tiao ambilin trs  jd habis dech tabung,1
nasabah bca prioritas  puluh pake kecewa layan banking  verifikasi sulit ,1
bca asuransi    nelpon maksa suruh ikut asuransi,3
m bangking rusak gada bank,0
bca skarang eror kmaren qriss parahh,0
tagih kartu kredit muncul  udah ngambil aja  udah bayar  tolong admin ,2
g minjm uang jt  tpi ad tagih  pdhal g prnh aneh  ,1
halo ko saldo nol transfer rekening  mutasi transaksi uang masuk saldo nya kosong,1
min mbanking eror sampe jam ,0
mybca ribet kode otp kgak muncull hadeh lma gk bsa gw buang jg ni kartu,1
bca mobile masalah kah,0
 min top up saldo flash via hp saldo potong kali ga masuk saldo flash  udah tlp cs sampe skrg blm  udah kaya gitu,1
mbangking bca eror,0
dana ilang ya bca pdhl atm kita udh lapor jg bilang ya lg ya duit gk pdhl yg ,1
 min top up saldo flash via hp saldo potong kali ga masuk saldo flash  udah tlp cs sampe skrg blm  udah kaya gitu,1
bank bca tolong buka cabang kabupaten kaimana  papua barat  biar klu kota buka blokir,1
min cuman ken nanya serius mbanking bca buka ya  yg eror system  nya  terimakasi,0
mbanking ganti nomer daftar d atm ttp gak bs sih kk  gmnaa caranyaa,0
kartu hilang  blokir mbca  eh mbca nya ga  ga ngapain  ya ,3
gmn caranyy  data d pke orang pake kredit  ko ya  sedangkn dah lm g aktif transksi bca ,2
mobile bca  blokir pdhl cek gimana seh min,0
bagus deh  kalo ngurus nelp  cs bca nya lot layan nya,1
tipu kebnyakn telp  trs nyebutin data lengkap bgt  gmn nih bca aman ny    ,1
download hallo bca mobile  ga masuk  alas  signal internet lemah  buka apk yg aman aman aja ga  gimana min,0
knp ya mbangking blokir masukin pin salah pin ny sdh,0
halo bca saldo bom saldo potong ya,1
bikin bca id udh aktifasi  login gabisa tetep kirim sms,0
kalo telfon halo bca karna transfer terima pake verif nama  ttl  gmail ya  pas tf k bank blm terima  udah notifnya-,1
udh ngirim uang dri qatar indonesia blom nyampe rekening bca,1
tau telp cs bca gratis  nelp cs nya nyambungnya dh gtu ngabisin pulsa bgt tp mslh blm kelar,1
daftar halo bca kena pulsa id block ga masuk halo bca,1
halo ka tlfon halo bca pake registrasi ya ,1
ehhh ko kamren gua telpon pulsa gua sedot ya gimana sii bca,1
kk ya rekening dri online gk penrh,1
telpon ga angkat angkat,1
bang kena potong asuransi jiwa bca gax asuransi kena potong bang gimana bang,1
lahh gimana sii kmaren pulsa gua abissss nelpon bca,1
gimana min pindah mobile bca hp prosesny gagal trs hadeh,0
kak dapet kirim negri  arab  kirim tgl april sampe skrang masuk uang nya nya bank disinya tutup kpn masuk nya yaa kak  ga masuk ,1
abis ambil uang bca uang lecek ya,1
ka ya jadi  tf mutasi saldo ganambah ya ,1
atm gue jg nyangkut nih  bad kualitas kartu atm nya bca,1
halo bca  sms dri bca memberitahukan cicil tuju  aju cicil ya kenapa bgtu ,3
sih kartu atm suka nyangkut   males deh pke bca,1
ga pake pake aplikasi butuh kuota internet  bayar  klo ga wifi ,0
liat ulas apps nya   yg kecewa    gmn  ,0
top up lg game call of duty mobile mobile legend  update,1
 min  ambil uang atm indomaret giling pik  uang dlm cacat sprti bakar  bukti uang,1
nungguin kartu atm ampe minggu  bca knp kau bgtu lot  ,0
min kenaoa barusan ga cek saldo loading bca mobile nya dah update trbaru,0
min  kalo pas transfer uang atm bca  uang gk masuk pemberitahuan gimana ya  adu  terimakasih ,1
min knp flazz bca susah baca mobile banking  hp kartu,0
min  datfar bca online buka rek  saldo rupiah  trus suami tf rb rek  pas sya cek  saldo rb ya ,1
min  hr aq tarik tunai tp pas masukin kartu  kartuny lg lg  sy mesinny rusak  sy coba atm lg jg,1
kak komplain ga nanya gin saldo pas tanggal gaji gajih  kena potng rb,1
teruss sisain atm rb pas tanggal skrng keptong saldo ku rb   ,1
duit sayaa rekinggg ajaa hilaang,1
mbanking lg masalah gmn malam ,0
eror ya kak bca udh atm gabisa,0
iya bca eror,0
error yh mbca,0
m banking gak,0
malam eror m banking ya,0
mbanking knp gak bs ya ,0
bgt errornya,0
min mbanking sampe pelihara nyaa  aduh urgent,0
min ganggu  co shopee,3
jm,3
woi transaksi gmna ahhh,1
m banking bca error trus brp ne,0
m-banking miin sampe skrng ganggu,0
woy bank bca lu udah eror udah jam  rugi bca eror  customer dapet kovensasi,0
pelihara nya jam yahh bca  ,0
aneh bgt pelihara jam ramai transaksi,0
cepet min lama pelihara nya gua wd habis max win nih,0
bca mobile ganggu ya min ,0
bca ya eror ,0
mbking bca gk masuk akses pdhl sim card nya tpi slalu ingat gimana donq,0
atm gw ilang ngeuh eh pas buka mbanking bca malh eror smpe skrg  mu bikin atm ganggu  trmksih gr bca anak gw jd lapar ,0
minn sii kasir ga settlement mesin edisi ,3
tolong bca jgn eror nya,0
klik bca gk buka ya ,0
mbanking tlong d prbaikin dl  bangett  huffft,0
mbanking normal,0
gbsa buka mbanking,0
min tdi aja topup flazz dri mbanking bca nila rb problem jaring internet jdi saldo tdk masuk flazz tp,1
min nanya atm temen duit ilang juta yah  ga ngapa-ngapain ,1
aplikasi crash kali transfer ,0
tampil aplikasi user-friendly ,0
gagal login password ,0
fitur scan qr error ,0
notifikasi lambat masuk aplikasi ,0
aplikasi support ponsel ,0
logout otomatis alas ,0
butuh muat halaman utama ,0
fitur fingerprint perangkat ,0
update versi baru ,0
aplikasi freeze ,0
bug aplikasi ,0
tombol back aplikasi fungsi ,0
cek saldo ,0
aplikasi update minggu ,0
lambat cek transaksi ,0
aplikasi berat lag ponsel ,0
terkadang masuk halaman bayar ,0
sulit akses fitur-fitur aplikasi ,0
loading aplikasi ,0
aplikasi force close kali transfer ,0
aplikasi butuh baik ,0
dark mode aplikasi  mata cepat lelah ,0
proses otentikasi aplikasi lambat ,0
error hubung internet ,0
login update baru ,0
transaksi pending jam sibuk ,0
aplikasi suka hang notifikasi masuk ,0
popup ganggu ,0
fitur cari aplikasi fungsi ,0
aplikasi rumit ,0
ui aplikasi bingung konsisten ,0
gagal ubah limit kartu kredit aplikasi ,0
aplikasi pilih bahasa inggris ,0
aplikasi makan baterai ,0
fitur ganti tema aplikasi ,0
proses verifikasi aplikasi lambat ,0
fitur atur sembunyi sulit temu ,0
aplikasi deteksi lokasi salah ,0
aplikasi jaring g ,0
susah aktif fitur notifikasi transaksi ,0
maintenance aplikasi ,0
verifikasi ulang kali login ganggu ,0
tombol aplikasi respons ,0
proses top-up e-wallet lambat ,0
aplikasi habis data internet ,0
bayar tagih listrik aplikasi ,0
fitur split bill error ,0
sulit temu menu atur aman aplikasi ,0
tampil update baru bingung ,0
aplikasi henti transaksi ,0
sulit pulih sandi aplikasi ,0
proses verifikasi wajah gagal aplikasi ,0
update aplikasi fitur hilang ,0
hubung rekening aplikasi ,0
aplikasi butuh izin ,0
fitur blokir kartu debit ,0
aplikasi logout bayar ,0
delay transfer ,0
proses aktivasi layan bingung ,0
aplikasi deteksi lokasi salah ,0
transaksi negeri aplikasi ,0
tombol transfer lambat respons ,0
aplikasi notifikasi transfer ,0
gagal hubung aplikasi perangkat wearable ,0
kartu aplikasi ,0
tampil antarmuka aplikasi tinggal zaman ,0
alami error bayar qris ,0
aplikasi opsi simpan favorit transaksi ,0
sulit temu riwayat transaksi aplikasi ,0
kali update  aplikasi lambat ,0
sinkronisasi e-wallet ,0
fitur ingat bayar tagih ,0
aplikasi otentikasi ulang alas ,0
fitur live chat aplikasi lambat respons ,0
ganti pin aplikasi ,0
proses ganti nomor telepon repot aplikasi ,0
aplikasi freeze akses halaman promo ,0
ubah alamat aplikasi ,0
proses daftar rekening aplikasi ,0
aplikasi dukung bayar cicil ,0
gagal tutup kartu debit aplikasi ,0
fitur limit transaksi hari ,0
aplikasi blokir akses alas ,0
verifikasi ulang aplikasi ,0
detail transaksi kartu kredit aplikasi ,0
aplikasi crash koneksi internet stabil ,0
fitur otomatis bayar tagih bulan ,0
ubah setor bulan aplikasi ,0
login malam ,0
proses aju pinjam aplikasi gagal ,0
aplikasi muat ulang pemberitahuan ,0
layan lambat cabang ,1
antri bank ,1
aju kartu kredit tolak alas ,1
transfer bank ,1
pemberitahuan ganggu sistem ,1
limit transfer hari rendah ,1
ganti kartu atm butuh minggu ,1
tugas bank ramah bantu ,1
bunga kredit ,1
sulit informasi kait produk bank ,1
informasi biaya admin ,1
layan kena biaya tambah ,1
layan customer service cabang ,1
bayar virtual account error ,1
layan buruk cabang x ,1
sulit daftar layan mobile banking ,1
teknis transfer internasional ,1
proses klaim asuransi belit ,1
pandu produk bank ,1
tipu promo tawar ,1
cs cabang  selesai online ,1
proses buka rekening ,1
biaya administrasi ubah pemberitahuan ,1
notifikasi ubah sistem ,1
aju pinjam tunda alas ,1
proses aktif kartu kredit ,1
solusi muas customer service ,1
layan libur batas ,1
jelas fitur bank ,1
proses verifikasi data makan ,1
tunggu cetak buku tabung ,1
nomor hotline hubung ,1
layan cabang antri ,1
harga langgan setia bank ,1
sulit hubung cs jam kerja ,1
layan bantu nasabah daerah pencil ,1
cs solusi pada ,1
proses klaim garansi kartu bingung ,1
cabang informasi sederhana ,1
approval pinjam ,1
proses refund bingung ,1
customer service prosedur ,1
syarat aju kartu kredit ketat ,1
miskomunikasi cs uang ,1
layan call center kecewa ,1
proses klaim asuransi rumit ,1
kembali dana sesuai janji ,1
hubung keluh ,1
jelas syarat produk pinjam ,1
proses tutup rekening rumit ,1
layan cabang konsisten ,1
cs tahu produk bank ,1
solusi konkret hadap ,1
bayar tagih lambat proses ,1
antri bank ,1
proses blokir kartu kredit rumit ,1
customer service informasi ,1
sulit refund transaksi gagal ,1
proses verifikasi identitas cabang lambat ,1
cs alternatif solusi sistem down ,1
kirim kartu kredit makan ,1
prioritas langgan ,1
teknis transfer ,1
cs langsung selesai transfer ,1
bantu saldo hilang misterius ,1
proses reset pin ribet ,1
jelas potong biaya rekening ,1
limit kartu kredit potong pemberitahuan ,1
aju tambah limit kartu kredit tolak alas ,1
proses ganti kartu debit makan ,1
bunga tabung rendah ,1
layan nasabah vip ,1
biaya admin ubah ,1
kompensasi ganggu layan ,1
aju pinjam sulit ,1
customer service tanggap keluh nasabah ,1
sulit customer service ,1
proses buka rekening bisnis ,1
nomor hotline hubung darurat ,1
antri teller ,1
proses pulih rekening ,1
syarat buka rekening rumit ,1
sulit informasi promo diskon baru bank ,1
proses klaim hadiah ribet ,1
pemberitahuan ubah suku bunga kredit ,1
layan cabang profesional ,1
abai cabang bank ,1
sulit tutup rekening ,1
dukung pada customer service jam kerja ,1
salah cetak buku tabung ,1
limit transfer hari ,1
proses reset password cabang bingung ,1
aju kartu kredit tolak ,2
bunga kartu kredit masuk akal ,2
tipu biaya sembunyi kartu kredit ,2
limit kartu kredit langgan ,2
pemberitahuan kartu kredit blokir ,2
biaya tahun kartu kredit ,2
sulit informasi detail program reward kartu kredit ,2
bayar tagih kartu kredit lambat proses ,2
bunga lambat bayar kartu kredit ,2
sulit hubung cs kait kartu kredit ,2
program poin kartu kredit bingung ,2
tambah limit kartu kredit rumit ,2
tutup kartu kredit lunas tagih ,2
ganti kartu kredit hilang makan ,2
potong biaya tagih kartu kredit ,2
benefit sesuai kartu kredit ,2
notifikasi jatuh tempo bayar kartu kredit ,2
proses aju kartu kredit ,2
sulit approval naik limit ,2
hubung tawar promo kartu kredit ,2
limit kartu kredit turun alas ,2
sulit cashback guna kartu kredit ,2
kena biaya lambat bayar ,2
cs selesai kait tagih kartu kredit ,2
program reward tarik kartu kredit ,2
tipu program promo kartu kredit ,2
informasi hitung bunga kartu kredit ,2
sulit approval kartu kredit tambah ,2
proses tutup kartu kredit belit ,2
biaya tahun kartu kredit pemberitahuan ,2
transaksi kartu kredit ,2
tagih kartu kredit lambat ,2
solusi aju kartu kredit ,2
kena biaya tambah pakai kartu kredit ,2
aju kartu kredit rumit bingung ,2
jelas potong biaya tagih kartu kredit ,2
proses ganti kartu kredit rusak ,2
aju kartu kredit online gagal ,2
layan milik kartu kredit ,2
kompensasi lambat proses bayar ,2
sulit hubung cs kait masalah kartu kredit ,2
cs saran cabang kartu kredit ,2
informasi guna poin reward ,2
sulit refund transaksi gagal kartu kredit ,2
proses ganti kartu kredit ribet ,2
tipu tawar promo kartu kredit ,2
limit kartu kredit pakai ,2
notifikasi kartu kredit blokir ,2
bunga lambat bayar kartu kredit ,2
naik limit kartu kredit tolak ,2
sulit transaksi online kartu kredit ,2
biaya admin kartu kredit ,2
proses aju kartu kredit ,2
jelas naik bunga kartu kredit ,2
kena biaya tambah telat bayar ,2
abai hubung cs kait kartu kredit ,2
proses batal kartu kredit rumit ,2
cashback sesuai janji promo kartu kredit ,2
notifikasi jatuh tempo bayar kartu kredit ,2
beban biaya tahun kartu kredit ,2
proses ganti kartu kredit hilang lambat ,2
informasi reward poin kartu kredit ,2
limit kartu kredit rendah ,2
sulit bayar kartu kredit online ,2
solusi hadap kartu kredit ,2
kena biaya lambat bayar ,2
biaya kartu kredit sesuai benefit ,2
proses approval naik limit kartu kredit ,2
hubung promo kartu kredit baru ,2
sulit transaksi internasional kartu kredit ,2
tipu tawar cashback kartu kredit ,2
proses batal kartu kredit belit ,2
bunga kartu kredit ,2
solusi cs kait kartu kredit ,2
sulit hubung cs lambat bayar ,2
proses aju kartu kredit online gagal ,2
biaya lambat kartu kredit masuk akal ,2
limit kartu kredit turun alas ,2
proses ganti kartu kredit rusak ,2
jelas potong biaya tagih kartu kredit ,2
cs suruh cabang kartu kredit ,2
sulit approval kartu kredit tambah ,2
solusi cs kartu kredit ,2
proses naik limit kartu kredit ,2
sulit cashback guna kartu kredit ,2
pemberitahuan promo kartu kredit ,2
untung program reward kartu kredit ,2
min viral nasabah bca hilang duit gmn min,1
mampir kesini karna isi fyp ku hilang duit atm bca,1
bca gak aman ah suka ilang,1
bca bnyk yg viral uang bca hilang,1
tanggap bank bca uang nasabah hilang  ,1
ksini gara fyp uang puluh juta raib,1
bca gimana nih korbannnn ,1
takut pake bcaa,3
jd was was nih pke bca,3
duh gw cstmr bca setia banget nih zaman gw kuliah  gw tau bca bagus  waswas gw yg viral uang ilang,1
gimana nih bca uang nasabah hilang   gag pertanggung-jawaban bca,1
kak atm banking beku karna yg lapor no rek tipu minggu g transaksi gimna y urusny,1
gimana nih bca tanggung jwbnya,3
buka rek bca tabung  krn rekening utk gaji habis  eh fyp  ga      ,1
ka tolong klarifikasi yg hilang duit puluh juta karna mbanking  gimana ya  ikut panik,1
viral duit ludes gmn min ,1
daftar bca gajadi  takut uang ilang,1
tabung bca w was was cuk,1
tolong  yg duit hilang  was was ni,1
duh jdi waswas nih simpen tabung d bca  hilang keprcayaan,1
bca resah,1
eh bener banget  gw kena  gw transaksi kirim bank  rek gw  sesuai limit gw via mbanking  rek gw udah tarik ,1
min  tolong tingkat aman  was pake bca ,1
bca gk aman nih gimana min,1
tolong bgt bank bca yg hormat  bank cinta org  tingkat keamananya tingkat lg ,1
niat bikin rekening bca ragu ama uang hilang,1
hai min  tolong solusi yg viral min,1
tanggung woi,3
bca bca  awas aja bank lalai kek gin,3
kak uang hilang pakai mbanking  takut nih,1
bca ga aman  ,3
bkin tabung bca dr kmaren  gajadi deh  takut uang raibbb,1
dengerin tu korban uang ilang  bantu tanggung jwb,1
gara fyp uang hilang bca jd takut buka rek dsni,1
yaa ga dah pake bca yg ilang duit nya,1
min guna bca uang tbtb hilang  sy was was,1
yg viral  bca  was was nih,1
bca aman     ,1
gmn min mohon jelas yg lgi viral biar nasabah canggung simpan uang bank bca,1
bank bca resah,1
halo admin bca semalem tf virtual account saldo potong ngga bukti tf yah mobile banking ,0
isi fyp rata hilang uang bca gmn  pdhl nabung bca anggap aman  berita khawatir,3
bongkar yg nilep uang woiiiii,3
bca lg knp  bnyk uang nasabah hilang  rampok onlen    ,1
bca resah   bener ga sihg berita pikir,1
tolong dibls yg nanya min  yg pakai atm bca banking cemas,1
duit ilang,1
duh gw nasabah bca lg sma suami  jd ga tenang ngrasa g aman aja gt,1
min mampir karna fyp ku yg hilang uang nya bca gimana nih,1
benerin woy sistem nya worry nih,0
bca viral uang nasabah hilang  yg smpe gak krjelasan nunggu dri  duhh jdi takutt pdhal dri dlu pke bca,1
kak  sy tuker uang  udh kasih tau cs nya  tuker uang  eh kasih yg jelek  sy udh nunggu jam ,1
kwatir nabung,1
aplikasi crash kali transfer ,0
tampil aplikasi user-friendly ,0
gagal login password ,0
fitur scan qr error ,0
notifikasi lambat masuk aplikasi ,0
aplikasi support ponsel ,0
logout otomatis alas ,0
butuh muat halaman utama ,0
fitur fingerprint perangkat ,0
update versi baru ,0
aplikasi freeze ,0
bug aplikasi ,0
tombol back aplikasi fungsi ,0
cek saldo ,0
aplikasi update minggu ,0
lambat cek transaksi ,0
aplikasi berat lag ponsel ,0
terkadang masuk halaman bayar ,0
sulit akses fitur-fitur aplikasi ,0
loading aplikasi ,0
aplikasi force close kali transfer ,0
aplikasi butuh baik ,0
dark mode aplikasi  mata cepat lelah ,0
proses otentikasi aplikasi lambat ,0
error hubung internet ,0
login update baru ,0
transaksi pending jam sibuk ,0
aplikasi suka hang notifikasi masuk ,0
popup ganggu ,0
fitur cari aplikasi fungsi ,0
aplikasi rumit ,0
ui aplikasi bingung konsisten ,0
gagal ubah limit kartu kredit aplikasi ,0
aplikasi pilih bahasa inggris ,0
aplikasi makan baterai ,0
fitur ganti tema aplikasi ,0
proses verifikasi aplikasi lambat ,0
fitur atur sembunyi sulit temu ,0
aplikasi deteksi lokasi salah ,0
aplikasi jaring g ,0
susah aktif fitur notifikasi transaksi ,0
maintenance aplikasi ,0
verifikasi ulang kali login ganggu ,0
tombol aplikasi respons ,0
proses top-up e-wallet lambat ,0
aplikasi habis data internet ,0
bayar tagih listrik aplikasi ,0
fitur split bill error ,0
sulit temu menu atur aman aplikasi ,0
tampil update baru bingung ,0
aplikasi henti transaksi ,0
sulit pulih sandi aplikasi ,0
proses verifikasi wajah gagal aplikasi ,0
update aplikasi fitur hilang ,0
hubung rekening aplikasi ,0
aplikasi butuh izin ,0
fitur blokir kartu debit ,0
aplikasi logout bayar ,0
delay transfer ,0
proses aktivasi layan bingung ,0
aplikasi deteksi lokasi salah ,0
transaksi negeri aplikasi ,0
tombol transfer lambat respons ,0
aplikasi notifikasi transfer ,0
gagal hubung aplikasi perangkat wearable ,0
kartu aplikasi ,0
tampil antarmuka aplikasi tinggal zaman ,0
alami error bayar qris ,0
aplikasi opsi simpan favorit transaksi ,0
sulit temu riwayat transaksi aplikasi ,0
kali update  aplikasi lambat ,0
sinkronisasi e-wallet ,0
fitur ingat bayar tagih ,0
aplikasi otentikasi ulang alas ,0
fitur live chat aplikasi lambat respons ,0
ganti pin aplikasi ,0
proses ganti nomor telepon repot aplikasi ,0
aplikasi freeze akses halaman promo ,0
ubah alamat aplikasi ,0
proses daftar rekening aplikasi ,0
aplikasi dukung bayar cicil ,0
gagal tutup kartu debit aplikasi ,0
fitur limit transaksi hari ,0
aplikasi blokir akses alas ,0
verifikasi ulang aplikasi ,0
detail transaksi kartu kredit aplikasi ,0
aplikasi crash koneksi internet stabil ,0
fitur otomatis bayar tagih bulan ,0
ubah setor bulan aplikasi ,0
login malam ,0
proses aju pinjam aplikasi gagal ,0
aplikasi muat ulang pemberitahuan ,0
layan lambat cabang ,1
antri bank ,1
aju kartu kredit tolak alas ,1
transfer bank ,1
pemberitahuan ganggu sistem ,1
limit transfer hari rendah ,1
ganti kartu atm butuh minggu ,1
tugas bank ramah bantu ,1
bunga kredit ,1
sulit informasi kait produk bank ,1
informasi biaya admin ,1
layan kena biaya tambah ,1
layan customer service cabang ,1
bayar virtual account error ,1
layan buruk cabang x ,1
sulit daftar layan mobile banking ,1
teknis transfer internasional ,1
proses klaim asuransi belit ,1
pandu produk bank ,1
tipu promo tawar ,1
cs cabang  selesai online ,1
proses buka rekening ,1
biaya administrasi ubah pemberitahuan ,1
notifikasi ubah sistem ,1
aju pinjam tunda alas ,1
proses aktif kartu kredit ,1
solusi muas customer service ,1
layan libur batas ,1
jelas fitur bank ,1
proses verifikasi data makan ,1
tunggu cetak buku tabung ,1
nomor hotline hubung ,1
layan cabang antri ,1
harga langgan setia bank ,1
sulit hubung cs jam kerja ,1
layan bantu nasabah daerah pencil ,1
cs solusi pada ,1
proses klaim garansi kartu bingung ,1
cabang informasi sederhana ,1
approval pinjam ,1
proses refund bingung ,1
customer service prosedur ,1
syarat aju kartu kredit ketat ,1
miskomunikasi cs uang ,1
layan call center kecewa ,1
proses klaim asuransi rumit ,1
kembali dana sesuai janji ,1
hubung keluh ,1
jelas syarat produk pinjam ,1
proses tutup rekening rumit ,1
layan cabang konsisten ,1
cs tahu produk bank ,1
solusi konkret hadap ,1
bayar tagih lambat proses ,1
antri bank ,1
proses blokir kartu kredit rumit ,1
customer service informasi ,1
sulit refund transaksi gagal ,1
proses verifikasi identitas cabang lambat ,1
cs alternatif solusi sistem down ,1
kirim kartu kredit makan ,1
prioritas langgan ,1
teknis transfer ,1
cs langsung selesai transfer ,1
bantu saldo hilang misterius ,1
proses reset pin ribet ,1
jelas potong biaya rekening ,1
limit kartu kredit potong pemberitahuan ,2
aju tambah limit kartu kredit tolak alas ,2
proses ganti kartu debit makan ,2
bunga tabung rendah ,2
layan nasabah vip ,2
biaya admin ubah ,2
kompensasi ganggu layan ,2
aju pinjam sulit ,2
customer service tanggap keluh nasabah ,2
sulit customer service ,2
proses buka rekening bisnis ,2
nomor hotline hubung darurat ,2
antri teller ,2
proses pulih rekening ,2
syarat buka rekening rumit ,2
sulit informasi promo diskon baru bank ,2
proses klaim hadiah ribet ,2
pemberitahuan ubah suku bunga kredit ,2
layan cabang profesional ,2
abai cabang bank ,2
sulit tutup rekening ,2
dukung pada customer service jam kerja ,2
salah cetak buku tabung ,2
limit transfer hari ,2
proses reset password cabang bingung ,2
aju kartu kredit tolak ,2
bunga kartu kredit masuk akal ,2
tipu biaya sembunyi kartu kredit ,2
limit kartu kredit langgan ,2
pemberitahuan kartu kredit blokir ,2
biaya tahun kartu kredit ,2
sulit informasi detail program reward kartu kredit ,2
bayar tagih kartu kredit lambat proses ,2
bunga lambat bayar kartu kredit ,2
sulit hubung cs kait kartu kredit ,2
program poin kartu kredit bingung ,2
tambah limit kartu kredit rumit ,2
tutup kartu kredit lunas tagih ,2
ganti kartu kredit hilang makan ,2
potong biaya tagih kartu kredit ,2
benefit sesuai kartu kredit ,2
notifikasi jatuh tempo bayar kartu kredit ,2
proses aju kartu kredit ,2
sulit approval naik limit ,2
hubung tawar promo kartu kredit ,2
limit kartu kredit turun alas ,2
sulit cashback guna kartu kredit ,2
kena biaya lambat bayar ,2
cs selesai kait tagih kartu kredit ,2
program reward tarik kartu kredit ,2
tipu program promo kartu kredit ,2
informasi hitung bunga kartu kredit ,2
sulit approval kartu kredit tambah ,2
proses tutup kartu kredit belit ,2
biaya tahun kartu kredit pemberitahuan ,2
transaksi kartu kredit ,2
tagih kartu kredit lambat ,2
solusi aju kartu kredit ,2
kena biaya tambah pakai kartu kredit ,2
aju kartu kredit rumit bingung ,2
jelas potong biaya tagih kartu kredit ,2
proses ganti kartu kredit rusak ,2
aju kartu kredit online gagal ,2
layan milik kartu kredit ,2
kompensasi lambat proses bayar ,2
sulit hubung cs kait masalah kartu kredit ,2
cs saran cabang kartu kredit ,2
informasi guna poin reward ,2
sulit refund transaksi gagal kartu kredit ,2
proses ganti kartu kredit ribet ,2
tipu tawar promo kartu kredit ,2
limit kartu kredit pakai ,2
notifikasi kartu kredit blokir ,2
bunga lambat bayar kartu kredit ,2
naik limit kartu kredit tolak ,2
sulit transaksi online kartu kredit ,2
biaya admin kartu kredit ,2
proses aju kartu kredit ,2
jelas naik bunga kartu kredit ,2
kena biaya tambah telat bayar ,2
abai hubung cs kait kartu kredit ,2
proses batal kartu kredit rumit ,2
cashback sesuai janji promo kartu kredit ,2
notifikasi jatuh tempo bayar kartu kredit ,2
beban biaya tahun kartu kredit ,2
proses ganti kartu kredit hilang lambat ,2
informasi reward poin kartu kredit ,2
limit kartu kredit rendah ,2
sulit bayar kartu kredit online ,2
solusi hadap kartu kredit ,2
kena biaya lambat bayar ,2
biaya kartu kredit sesuai benefit ,2
proses approval naik limit kartu kredit ,2
hubung promo kartu kredit baru ,2
sulit transaksi internasional kartu kredit ,2
tipu tawar cashback kartu kredit ,2
proses batal kartu kredit belit ,2
bunga kartu kredit ,2
solusi cs kait kartu kredit ,2
sulit hubung cs lambat bayar ,2
proses aju kartu kredit online gagal ,2
biaya lambat kartu kredit masuk akal ,2
limit kartu kredit turun alas ,2
proses ganti kartu kredit rusak ,2
jelas potong biaya tagih kartu kredit ,2
cs suruh cabang kartu kredit ,2
sulit approval kartu kredit tambah ,2
solusi cs kartu kredit ,2
proses naik limit kartu kredit ,2
sulit cashback guna kartu kredit ,2
pemberitahuan promo kartu kredit ,2
untung program reward kartu kredit ,2
